Company,alt_name,NewsID,Year,Circ,City,Statethe anniston star,,1,1997,E,anniston,althe birmingham news,,2,1997,C,birmingham,albirmingham post-herald,,3,1997,D,birmingham,althe decatur daily,,4,1997,E,decatur,althe huntsville times,,5,1997,D,huntsville,almontgomery advertiser,,6,1997,D,montgomery,althe tuscaloosa news,,8,1997,E,tuscaloosa,alanchorage daily news,,9,1997,D,anchorage,akthe daily news,,11,1994,H,ketchikan,akthe arizona republic,the arizona republic/phoenix gazette,12,1996,B,phoenix,azthe gazette,,13,1994,D,phoenix,azthe scottsdale progress,,14,1994,F,mesa,azarizona daily star,,15,2002,D,tucson,aztucson citizen,,16,1997,E,tucson,azthe sun,,17,2012,F,yuma,azcamden news,,18,2002,H,camden,artimes record,,19,2002,E,fort smith,arparagould daily press,,22,1998,G,paragould,artexarkana gazette,,23,1998,E,texarkana,txthe bakersfield californian,,25,1997,D,bakersfield,cachico enterprise-record,,26,2000,E,chico,cadaily pilot,,27,1997,E,costa mesa,cathe escondido north county times,,28,2003,D,escondido,cathe fresno bee,,29,1997,C,fresno,cathe glendale news-press,,31,2001,G,glendale,capress-telegram,,32,1997,C,long beach,caLos Angeles Times,,34,1997,A,los angeles,cathe modesto bee,,35,1997,D,modesto,cathe monterey county herald,,36,1997,E,monterey,cathe oakland tribune,,37,1999,D,oakland,cathe inland valley daily bulletin,,38,1996,D,ontario,cathe press-enterprise,,42,2008,C,rivlou ureneckerside,cathe sacramento bee,,45,1997,B,sacramento,cathe san bernardino county sun,,46,1997,D,san bernardino,cathe san diego union-tribune,,48,1997,B,san diego,cathe examiner.san francisco,,49,2013,C,san francisco,casan francisco chronicle,,50,1997,B,san francisco,casan jose mercury news,,51,1997,B,san jose,cathe san mateo county times,,53,1998,E,san mateo,camarin independent journal,,55,2008,E,novato,casanta barbara news-press,,56,1997,E,santa barbara,cathe santa monica outlook,,57,1994,E,torrance,cathe press democrat,,58,1994,D,santa rosa,cathe union democrat,,59,1998,F,sonora,cadaily breeze,,60,1998,D,torrance,calos angeles daily news,,61,1998,C,woodland hills,caventura county star,,62,2009,D,camarillo,caregister-pajaronian,,63,2005,G,watsonville,cadaily camera,,65,1997,E,boulder,cothe denver post,,67,1995,B,denver,codenver rocky mountain news,,68,2000,B,denver,codaily times-call,,69,2003,F,longmont,cothe pueblo chieftain,,70,1998,D,pueblo,coconnecticut post,,73,1997,D,bridgeport,ctthe news times,,74,1996,E,danbury,ctgreenwich time,,75,1997,F,greenwich,cthartford courant,,76,1999,C,hartford,ctrecord-journal,,77,1997,E,meriden,ctthe middletown press,,79,1999,F,middletown,ctthe herald,,80,1994,E,new britain,ctnew haven register,,81,1998,C,new haven,ctthe advocate and greenwich time,,83,1998,E,stamford,ctthe chronicle,,84,1994,F,willimantic,ctdelaware state news,,85,1998,F,dover,dethe news journal,,86,1998,C,new castle,dethe washington post,,88,1994,A,washington,dcthe daytona beach news-journal,,91,2002,C,daytona beach,flthe gainesville sun | the ocala starbanner,,93,2013,E,gainesville,flthe times,,94,1994,F,gainesville,gathe florida times-union,,96,1994,C,jacksonville,flthe ledger,,98,1994,D,lakeland,flthe miami herald,,99,1997,B,miami,florlando sentinel,,101,2001,B,orlando,flsouth florida sun-sentinel,,104,2001,B,fort lauderdale,flsarasota herald tribune,,105,2014,E,sarasota,fltampa bay times,,108,2012,B,st. petersburg,flscripps treasure coast newspapers,,109,2003,D,stuart,fltallahassee democrat,,110,1997,D,tallahassee,flthe tampa tribune,,111,1997,B,tampa,flthe palm beach post,,112,1997,C,west palm beach,flthe atlanta journal-constitution,,115,2001,B,atlanta,gathe augusta chronicle,,116,1997,D,augusta,gacolumbus ledger-enquirer,,118,1997,D,columbus,gathe macon telegraph,,121,1997,D,macon,gasavannah morning news,,122,1997,D,savannah,gahawaii tribune-herald,,124,1998,F,hilo,hithe honolulu advertiser,,125,1998,C,honolulu,hihonolulu star-advertiser,,126,2012,C,honolulu,hilewiston tribune,,127,2008,F,lewiston,idthe telegraph,,128,1994,E,alton,ildaily herald,,129,1997,C,arlington heights,ilthe beacon-news,,130,1996,E,aurora,ilthe pantagraph,,131,1995,D,bloomington,ilsouthern illinoisan,,132,1998,E,carbondale,ilchicago sun-times,,134,2006,B,chicago,ilchicago tribune,,135,1997,A,chicago,ilcommercial-news,,136,1998,F,danville,ilthe register-mail,,137,1994,F,galesburg,ilthe daily journal,,138,1994,E,kankakee,ilthe dispatch and the rock island argus,,139,1998,E,moline,iljournal star,,140,1997,D,peoria,ilquincy herald-whig,,141,2014,F,quincy,ilthe state journal-register,,142,1994,D,springfield,ilthe news-sun,,143,2014,F,gurnee,ilthe republic,,144,1994,F,columbus,inthe elkhart truth,,145,1997,E,elkhart,inevansville courier & press,,146,2005,D,evansville,inthe journal gazette,,147,1996,D,fort wayne,inthe news-sentinel,,148,1994,D,fort wayne,inpost-tribune,,149,2009,D,merrillville,inthe times of northwest indiana,,150,2006,D,munster,inthe news,,151,1994,C,indianapolis,inthe indianapolis star,,152,2000,B,indianapolis,inkokomo tribune,,153,1998,F,kokomo,inthe star press,,154,1997,E,muncie,inthe courier-times,,155,1996,F,new castle,insouth bend tribune,,156,1997,D,south bend,intribune-star,,157,1998,E,terre haute,inthe hawk eye,,159,1994,F,burlington,iathe gazette,,160,1994,D,cedar rapids,iaquad-city times,,161,1998,D,davenport,iathe des moines register,,163,1997,C,des moines,iamarshalltown times-republican,,165,1997,F,marshalltown,iawaterloo-cedar falls courier,,166,2000,E,waterloo,iathe coffeyville journal,,167,1998,G,coffeyville,ksthe emporia gazette,,168,1997,F,emporia,ksthe hutchinson news,,169,1998,E,hutchinson,kslawrence journal-world,,170,2000,F,lawrence,ksthe manhattan mercury,,171,1997,F,manhattan,ksthe olathe daily news,,172,1999,G,olathe,ksthe ottawa herald,,173,1998,G,ottawa,ksparsons sun,,174,1997,G,parsons,ksthe topeka capital-journal,,176,1997,D,topeka,ksthe wichita eagle,,177,1997,C,wichita,kskypost.com,,179,2010,O,cincinnati,ohlexington herald-leader,,181,1997,C,lexington,kythe courier-journal,,183,1994,C,louisville,kyborger news-herald,,184,2002,H,borger,txmessenger inquirer,,185,2001,E,owensboro,kythe paducah sun,,187,1998,E,paducah,kythe town talk,,188,2005,E,alexandria,laamerican press,,189,2000,E,lake charles,lathe news-star,,190,1994,E,monroe,lathe times-picayune,,192,1994,B,new orleans,lathe times,,194,1994,D,shreveport,labangor daily news,,196,1997,D,bangor,methe capital,,197,1994,E,annapolis,mdthe sun,,199,1994,B,baltimore,mdthe herald-mail,,200,1998,E,hagerstown,mdthe daily mail/morning herald,,201,1994,E,hagerstown,mdthe boston globe,,202,2014,B,dorchester,maboston herald,,203,1997,B,boston,mathe christian science monitor,,204,1994,C,boston,magloucester daily times,,205,2012,G,gloucester,macape cod times,,207,1997,E,hyannis,mathe sun,,208,1994,D,lowell,mathe daily news of newburyport,,210,1998,F,newburyport,manorth adams transcript,,211,1998,G,north adams,mathe patriot ledger/the enterprise,,212,2013,E,quincy,mathe salem news,,213,2003,E,beverly,mathe southbridge evening news,,214,2001,G,southbridge,mathe republican,,216,2004,D,springfield,mawaltham news-tribune,,218,1997,G,waltham,matelegram & gazette,,219,1998,C,worcester,mathe ann arbor news,,221,1997,D,ann arbor,mibattle creek enquirer,,222,1998,E,battle creek,mithe bay city times,,224,1997,E,bay city,midetroit free press,,225,1997,A,detroit,mithe detroit news,,226,1997,B,detroit,mithe flint journal,,227,1997,C,flint,mithe grand rapids press,,228,1997,C,grand rapids,mithe holland sentinel,,229,1997,F,holland,mithe jackson citizen patriot,,230,2000,E,jackson,mikalamazoo gazette,,231,1997,D,kalamazoo,mithe monroe evening news,,232,1998,F,monroe,mithe muskegon chronicle,,233,1997,E,muskegon,mithe oakland press,,234,1994,D,pontiac,mitraverse city record-eagle,,235,1998,E,traverse city,miduluth news tribune,,236,2003,E,duluth,mnthe free press,,238,1994,E,mankato,mnminneapolis star tribune,,240,2013,B,minneapolis,mnpost-bulletin,,242,1998,E,rochester,mnst. paul pioneer press,,243,2002,C,st. paul,mnwinona daily news,,245,1998,F,winona,mnthe sun herald,,247,1994,E,biloxi,msthe greenwood commonwealth,,248,1997,G,greenwood,msthe clarion-ledger,,249,1994,C,jackson,msenterprise-journal,,251,1997,F,mccomb,msthe natchez democrat,,252,1998,F,natchez,mscolumbia daily tribune,,253,1998,F,columbia,mothe joplin globe,,254,2000,E,joplin,mothe kansas city star,,255,1997,B,kansas city,momexico ledger,,257,2001,G,mexico,mospringfield news-leader,,258,1997,D,springfield,most. joseph news-press,,260,1997,E,st. joseph,most. louis post dispatch,,263,2014,B,st. louis,mobillings gazette,,265,1999,D,billings,mtgreat falls tribune,,266,1998,E,great falls,mtthe livingston enterprise,,267,2005,H,livingston,mtmissoulian,,268,1998,E,missoula,mtthe journal star,,269,1996,E,lincoln,nelincoln journal star,,270,1997,E,lincoln,neomaha world-herald,,271,1997,C,omaha,nestar-herald,,272,1998,F,scottsbluff,nelas vegas review-journal,,273,2011,C,las vegas,nvreno gazette-journal,,275,1997,D,reno,nvconcord monitor,,276,1997,F,concord,nhthe keene sentinel,,277,1998,F,keene,nhvalley news,,278,2001,F,white river junction,vtthe press of atlantic city,,279,1997,D,pleasantville,njthe courier news,,280,2010,E,somerville,njthe record,,282,2010,C,woodland park,njthe jersey journal,,283,1994,D,jersey city,njthe star-ledger,,284,1994,B,newark,njhome news tribune,,285,1998,D,east brunswick,njherald news,,286,2003,E,west paterson,njthe trentonian,,288,1995,D,trenton,njthe daily journal,,289,1994,F,vineland,njalbuquerque journal,,290,1997,C,albuquerque,nmnew york post,,291,1997,B,new york,nythe new york times,,292,1997,A,new york,nythe wall street journal,,293,1994,A,new york,nyoneonta daily star,,294,1997,F,oneonta,nyrochester democrat and chronicle,,295,1999,C,rochester,nythe daily gazette,,296,2010,E,schenectady,nythe post-standard,,297,2003,C,syracuse,nysyracuse newspapers,,298,1995,C,syracuse,nyobserver-dispatch,,299,1997,D,utica,nywatertown daily times/the journal and courier-observer,,301,2012,F,watertown,nythe journal news,,302,1999,C,white plains,nyasheville citizen-times,,303,1997,D,asheville,nctimes-news,,305,1998,E,burlington,ncthe charlotte observer,,306,1997,C,charlotte,ncthe fayetteville observer,,308,2000,D,fayetteville,ncnews & record,,309,1997,C,greensboro,nchenderson daily dispatch,,311,2002,G,henderson,nctimes-news,,312,1997,F,hendersonville,nchigh point enterprise,,313,1997,E,high point,ncthe news herald,,314,1995,F,morganton,ncthe news & observer,,315,1994,C,raleigh,ncthe shelby star,,318,1998,F,shelby,ncwashington daily news,,319,1998,F,washington,ncstarnews media,,320,2013,E,wilmington,ncthe wilson times,,322,2013,F,wilson,ncthe bismarck tribune,,323,1998,E,bismarck,ndthe forum,,324,1994,D,fargo,ndgrand forks herald,,325,1997,E,grand forks,ndakron beacon journal,,326,1997,C,akron,ohthe repository,,327,1994,D,canton,ohthe cincinnati enquirer,,328,1997,C,cincinnati,ohthe cincinnati post and the kentucky post,,329,2002,D,cincinnati,ohthe plain dealer,,330,1994,B,cleveland,ohdayton daily news,,334,1997,C,dayton,ohthe chronicle telegram,,336,2001,E,elyria,ohjournalnews & middletown journal,,337,2014,F,hamilton,ohthe morning journal,,338,1997,E,lorain,ohrecord-courier,,339,1997,F,ravenna,ohthe advocate,,340,1996,F,newark,ohnorwalk reflector,,341,1998,G,norwalk,ohthe blade and pittsburgh post-gazette,,342,1997,C,toledo,ohthe troy daily news,,343,2004,G,troy,ohthe daily record,,344,1994,E,wooster,ohthe duncan banner,,345,1998,G,duncan,okthe shawnee news-star,,346,2000,F,shawnee,oktulsa world,,347,1997,C,tulsa,okalbany democrat-herald,,349,1998,F,albany,orthe bulletin,,350,1994,F,bend,orcorvallis gazette-times,,351,1998,F,corvallis,orthe register-guard,,352,1994,D,eugene,orthe observer,,353,1994,G,la grande,ormail tribune/ashland daily tidings,,354,2011,E,medford,oreast oregonian,,355,1998,F,pendleton,orthe oregonian,,357,1994,B,portland,orstatesman journal,,358,1997,D,salem,orthe progress,,362,1998,F,clearfield,pathe express-times,,363,1994,D,easton,paerie times-news,,364,2001,D,erie,pathe news,,365,1994,D,erie,pathe patriot-news,,366,2011,D,mechanicsburg,pastandard-speaker,,368,1998,F,hazleton,pathe tribune-democrat,,369,1994,E,johnstown,palancaster new era,,370,2001,E,lancaster,paintelligencer journal/lancaster new era,,371,2010,E,lancaster,pabucks county courier times,,372,1997,D,levittown,pathe derrick and the news-herald,,373,2010,F,oil city,pathe philadelphia inquirer,,375,1997,A,philadelphia,paphiladelphia daily news,,376,1997,C,philadelphia,papittsburgh post-gazette,,377,1997,C,pittsburgh,pareading eagle,,380,2003,D,reading,pathe scranton times and the tribune,,381,1997,D,scranton,pathe herald,,382,1994,E,sharon,pacentre daily times,,383,1997,E,state college,pathe daily item,,384,1994,E,sunbury,pavalley news dispatch,,385,1998,E,tarentum,patimes leader,,386,2001,E,wilkes-barre,pathe citizens' voice,,387,1994,E,wilkes-barre,pawilliamsport sun-gazette,,388,1999,E,williamsport,pathe providence journal,,389,1999,C,providence,rithe kent county daily times,,391,1996,G,west warwick,rithe call,,392,1995,E,woonsocket,rianderson independent-mail,,393,1997,E,anderson,scthe post and courier,,394,1994,C,charleston,scthe state,,398,1994,C,columbia,scmorning news,,399,2000,E,florence,scthe greenville news,,401,1997,D,greenville,scthe item,,403,1994,F,sumter,scrapid city journal,,404,1998,E,rapid city,sdargus leader,,405,1997,E,sioux falls,sdthe leaf-chronicle,,407,1994,F,clarksville,tnthe sun,,408,1996,F,greeneville,tnthe jackson sun,,409,1998,E,jackson,tnjohnson city press,,410,1997,E,johnson city,tnthe times-news,,411,1996,E,kingsport,tnthe knoxville news sentinel,,413,2007,C,knoxville,tnthe commercial appeal,,415,1994,C,memphis,tnthe banner,,416,1995,D,nashville,tnthe tennessean,,417,1994,C,nashville,tnthe oak ridger,,418,1994,F,oak ridge,tnabilene reporter-news,,419,1998,E,abilene,txamarillo globe-news,,420,2002,D,amarillo,txaustin american-statesman,,422,1997,C,austin,txthe beaumont enterprise,,424,2006,D,beaumont,txcorpus christi caller-times,,425,1998,D,corpus christi,txthe dallas morning news,,427,1997,B,dallas,txel paso herald-post,,429,1997,F,el paso,txel paso times,,430,1997,D,el paso,txfort worth star-telegram,,431,1997,C,fort worth,txhouston chronicle,,432,1997,B,houston,txthe post,,433,1994,B,houston,txkerrville daily times,,434,1998,G,kerrville,txlubbock avalanche-journal,,435,1997,D,lubbock,txpalestine herald-press,,436,1998,G,palestine,txsan angelo standard-times,,438,1998,E,san angelo,txsan antonio express-news,,439,2013,C,houston,txtemple daily telegram,,441,1997,F,temple,txwaco tribune-herald,,442,1997,E,waco,txtimes record news,,444,1998,E,wichita falls,txdeseret morning news,,446,2004,D,salt lake city,utsalt lake tribune,,447,1997,C,salt lake city,utthe burlington free press,,448,1998,D,burlington,vtthe free lance-star,,451,1994,E,fredericksburg,vadaily news-record,,452,2000,E,harrisonburg,vathe virginian-pilot,,455,1998,C,norfolk,varichmond times-dispatch,,456,1997,C,richmond,vathe roanoke times,,457,1997,C,roanoke,vathe bellingham herald,,458,2000,E,bellingham,wakitsap sun,,459,2006,E,bremerton,wathe chronicle,,460,2006,F,centralia,waherald,,461,2004,D,everett,wathe daily news,,462,1994,F,longview,watri-city herald,,463,2010,E,kennewick,waseattlepi.com,,464,2010,O,seattle,wathe seattle times,,465,1997,C,seattle,wathe spokesman-review,,466,1994,C,spokane,wathe news tribune,,467,1994,C,tacoma,wathe columbian,,468,1994,D,vancouver,wathe wenatchee world,,469,1997,E,wenatchee,wayakima herald-republic,,470,1998,E,yakima,wathe charleston gazette,,471,2006,E,charleston,wvwheeling news-register,,472,1999,F,wheeling,wvthe post-crescent,,473,1994,D,appleton,withe chippewa herald,,474,1998,G,chippewa falls,wigreen bay press-gazette,,475,2000,D,green bay,wikenosha news,,476,1997,E,kenosha,withe capital times,,477,1994,F,madison,wiwisconsin state journal,,478,1997,D,madison,wimilwaukee journal sentinel,,479,1997,B,milwaukee,withe sentinel,,480,1994,C,milwaukee,withe sheboygan press,,481,1999,E,sheboygan,widaily boomerang,,483,1999,G,laramie,wythe albuquerque tribune,,485,1998,E,albuquerque,nmthe santa fe new mexican,,486,1998,F,santa fe,nmtimes union,,487,1997,C,albany,nypress & sun-bulletin,,489,2000,D,binghamtom,nythe buffalo news,,491,2001,C,buffalo,nymessenger post newspapers,,492,2009,F,canandaigua,nystar-gazette,,493,1998,E,elmira,nynewsday,,494,1994,A,melville,nynew york daily news,,495,2013,A,new york,nythe news-courier,,496,1999,G,athens,althe cullman times,,497,2004,F,cullman,aldothan eagle,,498,2006,E,dothan,alenterprise ledger,,499,1998,G,enterprise,altimesdaily,,500,1997,E,florence,althe gadsden times,,501,1999,E,gadsden,althe news,,502,1995,F,huntsville,althe daily mountain eagle,,503,1999,F,jasper,alvalley times-news,,504,1998,G,lanett,alpress-register,,506,2007,D,mobile,alopelika-auburn news,,507,1998,F,opelika,althe daily sentinel,,508,1997,G,scottsboro,althe selma times-journal,,509,1998,G,selma,althe daily home,,510,1994,G,talladega,althe messenger,,511,1994,H,troy,alfairbanks daily news-miner,,512,1997,F,fairbanks,akjuneau empire,,513,2000,G,juneau,akthe kodiak daily mirror,,514,1998,H,kodiak,akthe daily sitka sentinel,,515,1998,H,sitka,akcasa grande dispatch,,517,1998,G,casa grande,azthe daily dispatch,,518,1994,H,douglas,azarizona daily sun,,519,1997,F,flagstaff,azthe kingman daily miner,,520,1998,G,kingman,azeast valley tribune,,521,2014,D2,tempe,azthe daily courier,,523,2001,F,prescott,azsierra vista herald/bisbee daily review,,524,2005,F,sierra vista,azthe tempe daily news-tribune,,525,1994,F,mesa,azarkadelphia daily siftings herald,,526,2008,H,arkadelphia,arbatesville daily guard,,527,1998,G,batesville,arthe benton courier,,528,1998,G,benton,arblytheville courier news,,529,1999,H,blytheville,arlog cabin democrat,,530,1999,F,conway,arthe daily citizen,,531,1994,H,de queen,arthe news-times,,532,1994,F,el dorado,arnorthwest arkansas times,,533,1998,F,fayetteville,artimes-herald,,534,2004,H,forrest city,arharrison daily times,,535,2004,G,harrison,arthe daily world,,536,1994,G,helena,arhope star,,537,1998,H,hope,arthe sentinel-record,,538,2010,F,hot springs national park,arthe jonesboro sun,,540,2001,E,jonesboro,arbanner-news,,541,1999,H,magnolia,armalvern daily record,,542,2004,G,malvern,arnewport daily independent,,544,1998,H,newport,arpine bluff commercial,,546,1997,F,pine bluff,arthe courier,,548,1997,F,russellville,arthe daily citizen,,549,1994,G,searcy,arnorthwest arkansas newspapers llc,,550,2010,E,springdale,arstuttgart daily leader,,551,2008,H,stuttgart,arevening times,,552,2000,G,west memphis,arthe times star,,553,1994,G,alameda,cathe daily ledger-post dispatch,,555,1994,F,antioch,cathe record-gazette,,556,1995,H,banning,cadesert dispatch,,557,1998,G,barstow,cathe davis enterprise,,564,1998,F,davis,cathe daily californian,,567,1994,F,el cajon,caimperial valley press,,568,1998,F,el centro,catimes-standard,,569,1998,F,eureka,cadaily republic,,570,1998,F,fairfield,cafremont argus,,572,1999,E,fremont,cathe union,,575,1994,F,grass valley,cathe hanford sentinel,,576,1999,F,hanford,cathe daily review,,577,1994,E,hayward,cathe hemet news,,578,1998,F,hemet,cafree lance,,579,1998,H,hollister,catri-valley herald,,583,2003,E,pleasanton,cathe valley times,,584,1994,E,pleasanton,calodi news-sentinel,,585,1998,F,lodi,cathe lompoc record,,586,1998,G,lompoc,camadera tribune,,587,1998,G,madera,caappeal-democrat,,589,1998,F,marysville,camerced sun-star,,590,1998,F,merced,cathe napa valley register,,591,2004,F,napa,cathe mercury register,,594,1996,G,oroville,cathe press-courier,,595,1994,F,oxnard,cathe desert sun,,596,1994,E,palm springs,cathe daily press,,599,1994,G,paso robles,cathe porterville recorder,,602,1999,F,porterville,cadaily news,,603,1998,G,red bluff,carecord searchlight,,604,1997,E,redding,caredlands daily facts,,605,1998,G,redlands,cathe daily independent,,607,1994,G,ridgecrest,cathe salinas californian,,609,2005,F,salinas,cathe sun post news,,610,1995,G,san clemente,casan diego daily transcript,,611,1998,G,san diego,casan gabriel valley newspaper group,,612,1997,C,west covina,cathe tribune,,613,2002,E,san luis obispo,cathe san pedro news-pilot,,614,1994,F,torrance,cathe orange county register,,615,1994,B,santa ana,casanta cruz sentinel,,616,2008,F,scotts valley,casanta maria times/lompoc record,,617,2014,F,santa maria,catahoe daily tribune,,619,1998,G,south lake tahoe,cathe record,,620,1994,D,stockton,cadaily midway driller,,621,2001,H,taft,cathe news-chronicle,,622,1994,F,thousand oaks,catulare advance-register,,623,1998,G,tulare,caturlock journal,,624,1998,G,turlock,caukiah daily journal,,625,1998,G,ukiah,catimes-herald,,626,1998,F,vallejo,cathe daily press,,627,1994,E,victorville,catimes-delta and tulare advance-register,,628,2004,E,visalia,ca"bay area news group, east bay",,630,2010,C,walnut creek,cathe daily democrat,,632,1994,F,woodland,casiskiyou daily news,,633,1998,G,yreka,cavalley courier,,634,2002,G,alamosa,codaily record,,635,1997,G,canon city,cothe gazette,,636,1997,C,colorado springs,cocraig daily press,,637,2006,H,craig,cothe durango herald,,638,1998,G,durango,cocoloradoan,,639,2013,F,fort collins,cothe fort morgan times,,640,1998,G,fort morgan,copost independent,,641,2006,G,glenwood springs,cothe journal-advocate,,643,2003,G,sterling,cothe daily sentinel,,644,1994,E,grand junction,cogreeley tribune,,645,2000,F,greeley,cola junta tribune democrat,,647,2008,H,la junta,cothe lamar daily news,,648,1998,H,lamar,coloveland daily reporter-herald,,650,2000,F,loveland,cothe montrose daily press,,651,1998,G,montrose,corocky ford daily gazette,,652,1998,H,rocky ford,cothe mountain mail,,653,1995,H,salida,cothe chronicle-news,,654,2002,H,trinidad,cothe bristol press/new britain herald,,656,2014,G,bristol,ctthe citizen,,660,1995,G,milford,ctthe daily news,,661,1995,H,naugatuck,ctthe day,,662,1994,E,new london,ctthe hour,,663,1994,F,norwalk,ctnorwich bulletin,,664,1998,E,norwich,ctthe register citizen,,665,1995,F,torrington,ctrepublican-american,,666,2006,D,waterbury,ctboca raton news,,669,1998,F,boca raton,flbradenton herald,,670,1998,E,bradenton,flcape coral daily breeze,,671,2006,H,cape coral,flflorida today,,673,1994,D,melbourne,flnews-press,,675,1997,D,fort myers,flthe tribune,,676,1994,E,fort pierce,flnorthwest florida daily news,,677,1997,E,fort walton beach,flthe key west citizen,,679,1998,G,key west,fllake city reporter,,681,1998,G,lake city,flthe daily commercial,,683,1994,E,leesburg,fljackson county floridan,,684,2000,G,marianna,flnaples daily news,,686,2014,D2,naple,flocala star-banner,,687,1997,E,ocala,flclay today,,688,1996,H,orange park,fldaily news,,689,2000,F,palatka,flpalm beach daily news,,690,1997,G,palm beach,flthe news herald,,691,1999,E,panama city,flthe st. augustine record,,693,1998,F,st. augustine,flseminole herald,,694,1998,H,sanford,flnews chief,,695,2002,F,winter haven,flthe albany herald,,696,1997,E,albany,gaamericus times-recorder,,697,1998,G,americus,gaathens banner-herald,,699,2003,E,athens,gathe brunswick news,,700,2000,F,brunswick,gathe daily tribune news,,701,1994,G,cartersville,gaelgin courier news,,702,2013,G,aurora,ilcordele dispatch,,703,2001,H,cordele,gathe daily citizen,,704,2002,F,dalton,gathe courier herald,,705,1995,F,dublin,gagriffin daily news,,707,2000,F,griffin,gaclayton news daily/henry daily herald,,708,2005,H,jonesboro,gala grange daily news,,709,1998,F,la grange,gamarietta daily journal,,712,1998,F,marietta,gathe moultrie observer,,713,2012,G,moultrie,garome news-tribune,,714,1998,F,rome,gathomasville times-enterprise,,717,1998,G,thomasville,gathe tifton gazette,,718,1998,G,tifton,gathe valdosta daily times,,719,1998,F,valdosta,gathe daily sun,,720,1995,G,warner robins,gawaycross journal-herald,,721,1998,F,waycross,gathe morning news,,724,1995,H,blackfoot,idthe idaho statesman,,725,1994,D,boise,idsouth idaho press,,726,2002,H,burley,ididaho press-tribune,,727,1998,F,nampa,idcoeur d'alene press and post falls press,,728,2004,F,coeur d'alene,idpost register,,729,1998,E,idaho falls,idshoshone news-press,,730,2002,H,kellogg,ididaho state journal,,733,1998,F,pocatello,idbonner county daily bee,,734,1998,G,sandpoint,idthe times-news,,735,2000,F,twin falls,idthe illinoian-star daily,,738,1994,H,beardstown,ilbelleville news-democrat,,739,2000,D,belleville,ilbelvidere daily republican,,740,1999,H,belvidere,ilbenton evening news,,741,2004,H,benton,ilcanton daily ledger,,744,2009,G,canton,ilcarmi times,,745,2008,H,carmi,ilcentralia morning sentinel,,747,2000,F,centralia,ilthe news-gazette,,749,1994,E,champaign,ilclinton daily journal,,752,1999,H,clinton,ilherald & review,,753,1999,E,decatur,ilthe daily chronicle,,754,1997,F,dekalb,ilthe telegraph,,756,1997,F,dixon,ilduquoin evening call,,757,2007,H,duquoin,ilthe edwardsville intelligencer,,759,1998,G,edwardsville,ileffingham daily news,,760,1998,F,effingham,ileldorado daily journal,,761,1998,H,eldorado,ilthe journal standard,,765,2009,F,freeport,ilharrisburg daily register/eldorado daily journal,,766,2009,G,harrisburg,iljacksonville journal-courier,,767,1998,F,jacksonville,ilthe herald news,,769,2004,E,joliet,ilstar courier,,770,2008,H,kewanee,ilnewstribune,,771,2001,F,lasalle,ildaily record,,772,1998,H,lawrenceville,ilthe courier,,773,1994,G,lincoln,ilnews-herald,,774,1998,G,litchfield,ilthe macomb journal,,775,1999,G,macomb,ildaily review atlas,,776,1998,H,monmouth,ilmorris daily herald,,777,1998,G,morris,ildaily republican register,,778,1998,H,mount carmel,ilregister-news,,780,2000,F,mount vernon,ilthe olney daily mail,,781,2008,H,olney,ilthe times,,782,2006,F,ottawa,ilthe paris beacon-news,,784,1998,G,paris,ilpaxton record,,785,2010,H,paxton,ilpekin daily times,,786,2009,F,pekin,ildaily leader,,787,2007,H,pontiac,ilrobinson daily news,,788,2002,G,robinson,ilrockford register star,,789,1997,D,rockford,ilshelbyville daily union,,792,2003,H,shelbyville,ildaily gazette and telegraph,,793,2001,F,sterling,ilstreator times-press,,794,1998,G,streator,ilthe taylorville daily breeze-courier,,795,2007,G,taylorville,iliroquois county's times-republic,,796,1994,H,watseka,ildaily american,,797,2010,H,west frankfort,ilthe herald bulletin,,801,1997,E,anderson,intimes-mail,,803,1999,F,bedford,inthe knox county daily news,,806,1996,H,bicknell,inthe evening world,,807,2001,H,bloomfield,inthe herald-times,,808,1994,E,bloomington,innews-banner,,809,2007,G,bluffton,inthe brazil times,,810,1998,G,brazil,inchesterton tribune,,811,1998,G,chesterton,inthe daily clintonian,,812,1994,G,clinton,inthe post & mail,,813,1994,G,columbia city,inconnersville news-examiner,,814,2007,G,connersville,injournal review,,815,1998,F,crawfordsville,indecatur daily democrat,,816,1998,G,decatur,inthe call-leader,,817,2005,H,elwood,inthe times,,818,1994,G,frankfort,indaily journal,,819,1998,F,franklin,inthe goshen news,,820,1998,F,goshen,inbanner-graphic,,821,2000,G,greencastle,indaily reporter,,822,1998,G,greenfield,ingreensburg daily news,,823,2007,G,greensburg,inhartford city news-times,,824,2004,H,hartford city,inhuntington herald-press,,825,1998,G,huntington,inthe herald,,826,1994,F,jasper,inthe evening news,,827,1997,F,jeffersonville,inthe news-sun,,828,2008,G,kendallville,injournal and courier,,830,1997,E,lafayette,inherald-argus,,831,2005,F,laporte,inthe lebanon reporter,,832,2001,G,lebanon,inthe daily world,,833,2006,G,linton,inpharos-tribune,,834,2002,F,logansport,inthe madison courier,,835,1998,G,madison,inchronicle-tribune,,836,1998,F,marion,inthe reporter-times,,837,2007,G,martinsville,inthe news-dispatch,,838,1994,F,michigan city,inherald journal,,839,2004,G,monticello,inthe evening press,,841,1994,F,muncie,in"tribune and the evening news, jeffersonville",,843,2008,F,new albany,inthe daily ledger,,844,2001,F,fishers,inperu tribune,,845,1998,G,peru,inpilot news,,846,2001,G,plymouth,inthe commercial review,,847,1994,G,portland,inprinceton daily clarion,,848,2002,G,princeton,inrepublican,,849,1998,H,rensselaer,inpalladium-item,,850,1999,F,richmond,inthe rochester sentinel,,851,1998,H,rochester,inthe rushville republican,,852,2006,H,rushville,inthe tribune,,853,1995,G,seymour,inthe shelbyville news,,854,1997,F,shelbyville,inspencer evening world,,855,1998,H,spencer,inthe sullivan daily times,,856,2012,H,sullivan,intipton county tribune,,857,1998,H,tipton,inthe vidette-messenger,,858,1996,F,valparaiso,invincennes sun-commercial,,859,2001,F,vincennes,inwabash plain dealer,,860,2004,G,wabash,intimes-union,,861,2009,F,warsaw,inwashington times-herald,,862,1997,F,washington,inwinchester news-gazette,,863,1998,H,winchester,inthe tribune,,864,1999,G,ames,iaatlantic news-telegraph,,865,2002,H,atlantic,iaboone news-republican,,866,1998,H,boone,iadaily times-herald,,867,1998,G,carroll,iaad express & daily iowegian,,869,2002,H,centerville,iacharles city press,,870,1998,H,charles city,iathe daily times,,871,1994,H,cherokee,iaclinton herald,,872,2002,F,clinton,iathe daily nonpareil,,873,1996,F,council bluffs,iacreston news advertiser,,874,2003,G,creston,iatelegraph herald,,875,1997,E,dubuque,iathe fairfield ledger,,877,1998,H,fairfield,iathe messenger,,878,1996,F,fort dodge,iafort madison daily democrat,,879,2006,G,fort madison,iaiowa city press-citizen,,880,1998,F,iowa city,iadaily gate city,,881,2002,G,keokuk,iale mars daily sentinel,,882,2000,H,le mars,iaglobe gazette,,883,2001,F,mason city,iathe mt. pleasant news,,884,1998,H,mount pleasant,iamuscatine journal,,885,1998,G,muscatine,iathe newton daily news,,887,1999,G,newton,iadaily register,,888,2006,H,oelwein,iaoskaloosa herald,,889,1998,H,oskaloosa,iathe ottumwa courier,,890,1998,F,ottumwa,iavalley news today,,892,1998,H,shenandoah,iasioux city journal,,893,1998,E,sioux city,iathe daily reporter,,894,1994,H,spencer,iathe cedar valley times,,895,1995,H,vinton,iathe washington evening journal,,896,1998,H,washington,iathe daily freeman-journal,,897,1994,H,webster city,iaabilene reflector-chronicle,,898,1998,H,abilene,ksarkansas city traveler,,899,2002,H,arkansas city,ksatchison daily globe,,900,1998,H,atchison,ksbutler county times gazette,,901,2014,H,augusta,ksbeloit daily call,,902,1998,H,beloit,ksthe chanute tribune,,904,1997,H,chanute,ksclay center dispatch,,905,2001,H,clay center,ksthe columbus daily advocate,,906,1998,H,columbus,ksblade-empire,,907,2007,H,concordia,kscouncil grove republican,,908,1998,H,council grove,ksdodge city daily globe,,909,2000,G,dodge city,ksthe el dorado times,,910,1998,H,el dorado,ksthe fort scott tribune,,911,1999,H,fort scott,ksthe garden city telegram,,913,1997,F,garden city,ksthe goodland daily news,,914,1998,H,goodland,ksgreat bend tribune,,915,2000,G,great bend,ksthe hays daily news,,916,1998,F,hays,kshiawatha daily world,,917,1998,H,hiawatha,ksindependence daily reporter,,918,1999,G,independence,ksiola register,,919,1998,H,iola,ksthe daily union,,920,1994,G,junction city,kskansas city kansan,,921,1998,F,kansas city,ksthe tiller & toiler,,922,1999,H,larned,ksleavenworth times,,923,2008,G,leavenworth,kssouthwest daily times,,924,1998,G,liberal,ksthe lyons daily news,,925,1998,H,lyons,ksmcpherson sentinel,,926,1998,G,mcpherson,ksnewton kansan,,928,1998,G,newton,ksthe norton daily telegram,,929,2001,H,norton,ksthe morning sun,,930,1994,F,pittsburg,ksthe pratt tribune,,931,2002,H,pratt,ksthe russell daily news,,932,2001,H,russell,kssalina journal,,933,2005,E,salina,kswellington daily news,,934,1998,H,wellington,kswinfield daily courier,,935,1997,G,winfield,ksthe independent,,936,2004,F,ashland,kydaily news,,937,1998,F,bowling green,kytimes-tribune,,938,2001,G,corbin,kythe advocate-messenger,,939,1995,F,danville,kythe news-enterprise,,940,1994,F,elizabethtown,kythe state journal,,941,1994,F,frankfort,kyglasgow daily times,,943,2005,G,glasgow,kythe harlan daily enterprise,,944,2000,G,harlan,kythe gleaner,,945,1994,F,henderson,kykentucky new era,,946,1998,F,hopkinsville,kythe messenger,,947,1994,F,madisonville,kymayfield messenger,,948,2005,G,mayfield,kythe ledger-independent,,949,1994,G,maysville,kythe daily news,,950,1999,G,middlesboro,kythe murray ledger & times,,951,1998,G,murray,kythe richmond register,,953,2001,G,richmond,kythe commonwealth-journal,,954,2008,G,somerset,kythe winchester sun,,955,1998,G,winchester,kythe bastrop daily enterprise,,956,2008,H,bastrop,lathe advocate,,957,1994,D,baton rouge,ladaily news,,958,1998,G,bogalusa,last. mary and franklin banner-tribune,,961,1998,H,franklin,lathe daily star,,962,1994,F,hammond,lathe courier/daily comet,,963,2009,E,houma,lajennings daily news,,965,1998,G,jennings,lathe daily advertiser,,966,2016,E,lafayette,laminden press-herald,,968,2000,H,minden,lathe daily review,,969,1996,G,morgan city,lathe daily iberian,,970,1994,F,new iberia,lathe daily world,,971,1994,F,opelousas,laruston daily leader,,972,1998,G,ruston,lathe sentry-news,,973,1997,G,slidell,ladaily comet,,975,1998,F,thibodaux,lacentral maine newspapers,,976,2004,E,augusta,mejournal tribune,,977,2008,G,biddeford,methe times record,,978,1994,F,brunswick,mesun journal,,979,1998,E,lewiston,meportland press herald/maine sunday telegram,,981,1999,D,portland,memorning sentinel,,983,2000,F,waterville,medaily banner,,985,1998,H,cambridge,mdcumberland times-news,,986,2006,E,cumberland,mdthe star democrat,,988,1998,F,easton,mdthe frederick news-post,,989,2000,E,frederick,mdthe daily times,,991,1994,E,salisbury,mdathol daily news,,992,2000,G,athol,mathe sun chronicle,,993,2005,F,attleboro,mathe enterprise,,995,1998,E,brockton,mathe daily item,,998,1994,H,clinton,mathe daily transcript,,999,1995,G,dedham,mathe herald news,,1000,1995,E,fall river,masentinel & enterprise,,1001,1997,F,fitchburg,mathe metrowest daily news / the milford daily news,,1002,2014,F,framingham,mathe gardner news,,1003,1999,G,gardner,mathe recorder,,1004,1994,F,greenfield,mathe gazette,,1005,1994,F,haverhill,mathe marlboro enterprise/hudson daily sun,,1006,1995,G,acton,mathe eagle-tribune newspapers/cnhi,,1007,2007,D,north andover,mathe daily item,,1008,2009,F,lynn,mathe milford daily news,,1012,2008,G,milford,mathe standard times,,1013,1995,E,new bedford,madaily hampshire gazette,,1014,1997,F,northampton,mathe berkshire eagle,,1016,1994,E,pittsfield,mataunton daily gazette,,1017,1998,F,taunton,mawakefield daily item,,1018,2010,H,wakefield,mawestfield evening news,,1019,1998,G,westfield,madaily times chronicle,,1020,1998,F,woburn,mathe daily telegram,,1021,1994,F,adrian,mialbion recorder/marshall chronicle,,1022,1998,H,albion,mithe alpena news,,1023,2001,F,alpena,mithe huron daily tribune,,1024,1994,G,bad axe,mithe herald-palladium,,1025,1994,E,st. joseph,mibig rapids pioneer,,1026,1998,G,big rapids,micadillac news,,1027,1999,G,cadillac,micheboygan daily tribune,,1028,2001,H,cheboygan,mithe daily reporter,,1029,1995,G,coldwater,midowagiac daily news,,1030,2007,H,dowagiac,mithe daily press,,1031,1994,F,escanaba,migrand haven tribune,,1032,1998,F,grand haven,mithe daily news,,1033,1994,G,greenville,mihillsdale daily news,,1034,1998,G,hillsdale,mithe daily mining gazette,,1035,1994,F,houghton,misentinel-standard,,1036,2001,H,ionia,mithe daily news,,1037,1996,F,iron mountain,miironwood daily globe,,1038,2005,G,ironwood,milansing state journal,,1039,1998,D,lansing,miludington daily news,,1040,1998,G,ludington,mimanistee news-advocate,,1041,2000,G,manistee,mithe mining journal,,1042,1996,F,marquette,mithe chronicle,,1043,1994,H,marshall,mieagleherald,,1044,1997,F,marinette,wimidland daily news,,1045,1998,F,midland,mithe macomb daily,,1046,1998,D,mount clemens,mimorning sun,,1047,1998,F,mount pleasant,miniles daily star,,1048,1999,H,niles,mithe argus-press,,1049,2000,F,owosso,mipetoskey news-review,,1050,1997,F,petoskey,mitimes herald,,1051,1997,E,port huron,mithe daily tribune,,1052,2011,F,mount clemens,mithe saginaw news,,1053,2003,E,saginaw,mithe evening news,,1054,1994,G,sault ste. marie,mithe daily tribune,,1055,1994,H,south haven,misturgis journal,,1056,2002,G,sturgis,mithree rivers commercial,,1057,2001,H,three rivers,mithe press,,1058,1994,F,ypsilanti,mialbert lea tribune,,1059,2001,G,albert lea,mnaustin daily herald,,1060,1998,G,austin,mnthe pioneer,,1061,2003,G,bemidji,mnbrainerd dispatch,,1062,2005,F,brainerd,mncrookston daily times,,1063,2002,H,crookston,mnsentinel,,1064,2000,G,fairmont,mnfaribault daily news,,1065,1998,G,faribault,mndaily journal,,1066,1999,G,fergus falls,mnthe daily tribune,,1067,1994,F,hibbing,mnthe daily journal,,1068,1994,H,international falls,mnindependent,,1070,1998,G,marshall,mnthe journal,,1072,1995,G,new ulm,mnowatonna people's press,,1073,2000,G,owatonna,mnred wing republican eagle,,1074,2000,G,red wing,mnst. cloud times,,1075,1998,E,st. cloud,mnstillwater gazette,,1076,2006,H,stillwater,mnwest central tribune,,1078,1999,F,willmar,mndaily globe,,1080,1998,F,worthington,mndaily leader,,1081,1998,G,brookhaven,mspress register,,1082,1998,G,clarksdale,msthe bolivar commercial,,1083,1994,G,cleveland,mscommercial dispatch,,1084,1997,F,columbus,msthe daily corinthian,,1085,1994,G,corinth,msdelta democrat times,,1086,1998,F,greenville,msthe daily star,,1087,2008,G,grenada,mshattiesburg american,,1088,1998,F,hattiesburg,mslaurel leader-call,,1089,2001,G,laurel,msthe meridian star,,1090,1998,F,meridian,msthe oxford eagle,,1091,2003,G,oxford,msthe mississippi press,,1092,1995,F,pascagoula,msstarkville daily news,,1093,1999,G,starkville,msnortheast mississippi daily journal,,1094,1998,E,tupelo,msthe vicksburg post,,1095,1998,F,vicksburg,msboonville daily news,,1099,2005,H,boonville,mothe daily news-bulletin,,1101,1998,H,brookfield,mosoutheast missourian,,1102,2012,F,cape girardeau,mothe daily democrat,,1103,1994,H,carrollton,mothe carthage press,,1104,1998,H,carthage,moconstitution tribune,,1105,2008,H,chillicothe,mothe clinton daily democrat,,1106,1998,H,clinton,mothe columbia missourian,,1107,2014,F,columbia,mothe daily statesman,,1108,1998,H,dexter,mothe daily journal,,1112,1998,G,park hills,mothe fulton sun,,1113,2007,H,fulton,mohannibal courier-post,,1115,1998,G,hannibal,mo"the examiner, independence/the examiner, blue springs",,1116,2012,H,independence,mojefferson city post-tribune and daily capital news,,1118,1998,F,jefferson city,mothe daily dunklin democrat,,1119,1995,G,kennett,mokirksville daily express,,1120,2005,H,kirksville,mothe lebanon daily record,,1123,1998,H,lebanon,mochronicle-herald,,1125,2008,H,macon,mothe marshall democrat-news,,1126,1998,H,marshall,momaryville daily forum,,1127,1998,H,maryville,momoberly monitor-index,,1128,2009,G,moberly,motimes,,1130,1998,H,monett,moneosho daily news,,1131,1998,H,neosho,mothe nevada daily mail,,1132,2007,H,nevada,modaily american republic,,1134,2011,F,poplar bluff,mothe daily news,,1135,2006,H,richmond,morolla daily news,,1136,2007,H,rolla,mothe sedalia democrat,,1139,1998,F,sedalia,mostandard-democrat,,1140,1998,G,sikeston,motrenton republican-times,,1141,2005,H,trenton,mothe daily star-journal,,1142,1998,H,warrensburg,mothe daily guide,,1143,2008,H,waynesville,mowest plains daily quill,,1144,1997,G,west plains,mobozeman daily chronicle,,1145,1998,F,bozeman,mtthe montana standard,,1146,1994,F,butte,mtravalli republic,,1147,1998,G,hamilton,mthavre daily news,,1148,1998,H,havre,mthelena independent record,,1149,2000,F,helena,mtdaily inter lake,,1150,1999,F,kalispell,mtmiles city star,,1151,1998,H,miles city,mtalliance times-herald,,1152,2011,H,alliance,nebeatrice daily sun,,1153,1998,G,beatrice,necolumbus telegram,,1154,2000,F,columbus,nethe journal,,1155,1994,H,falls city,nefremont tribune,,1156,1998,G,fremont,nethe grand island independent,,1157,1997,F,grand island,nehastings tribune,,1158,1999,F,hastings,neholdrege daily citizen,,1159,2004,H,holdredge,nekearney hub,,1160,1998,F,kearney,nemccook daily gazette,,1161,2004,G,mccook,nenebraska city news-press,,1162,1999,H,nebraska city,nenorfolk daily news,,1163,1998,F,norfolk,nethe north platte telegraph,,1164,1998,F,north platte,neyork news-times,,1165,2000,G,york,nenevada appeal,,1166,1998,F,carson city,nvelko daily free press,,1167,2001,G,elko,nvely daily times,,1168,1999,H,ely,nvstatesboro herald,,1169,1998,G,statesboro,galas vegas sun,,1171,2003,E,henderson,nveagle times,,1173,1999,G,claremont,nhfoster's daily democrat,,1174,2000,E,dover,nhcitizen,,1175,1998,F,laconia,nhthe union leader,,1176,2000,D,manchester,nhthe telegraph,,1178,1994,E,nashua,nhportsmouth herald,,1179,1998,F,portsmouth,nhasbury park press,,1180,1997,C,neptune,njbridgeton evening news,,1181,1998,G,bridgeton,njcourier-post,,1182,1997,D,cherry hill,njdaily record,,1186,2000,D,parsippany,njnew jersey herald,,1188,2005,F,newton,njtoday's sunbeam,,1190,1994,F,salem,njthe ocean county observer,,1191,1994,F,toms river,njthe times,,1192,1994,D,trenton,njburlington county times,,1195,1998,E,willingboro,njthe news tribune,,1196,1994,D,woodbridge,njthe gloucester county times,,1197,1995,E,woodbury,njalamogordo daily news,,1198,1998,G,alamogordo,nmartesia daily press,,1199,2001,H,artesia,nmcarlsbad current-argus,,1200,1998,G,carlsbad,nmclovis news journal,,1201,1998,G,clovis,nmfarmington daily times,,1202,2014,F,farmington,nmthe independent,,1203,1994,F,gallup,nmhobbs daily news-sun,,1205,1998,F,hobbs,nmlas cruces sun-news,,1206,1998,F,las cruces,nmlas vegas optic,,1207,1999,G,las vegas,nmlos alamos monitor,,1208,2000,G,los alamos,nmthe lovington daily leader,,1209,2011,H,lovington,nmportales news-tribune,,1210,2001,H,portales,nmroswell daily record,,1212,2002,F,roswell,nmsilver city daily press & independent,,1213,1998,G,silver city,nmthe recorder,,1216,1994,F,amsterdam,nycitizen,,1218,1998,F,auburn,nythe daily news,,1219,1994,F,batavia,nydaily mail,,1222,1999,G,catskill,nythe leader,,1223,1994,F,corning,nycortland standard,,1224,2001,F,cortland,nyevening observer,,1225,1998,F,dunkirk,nyfinger lakes times,,1227,1997,F,geneva,nythe post-star,,1228,1994,E,glens falls,nythe leader-herald,,1230,1995,F,gloversville,nythe evening telegram/evening times,,1231,2012,G,herkimer,nyevening tribune,,1233,2013,G,hornell,nyregister-star,,1235,1999,G,hudson,nythe ithaca journal,,1236,1997,F,ithaca,nypost-journal,,1238,2000,F,jamestown,nydaily freeman,,1239,2000,F,kingston,nythe evening times,,1240,2011,H,herkimer,nyunion-sun & journal,,1241,2001,F,lockport,nythe malone telegram,,1244,1998,G,malone,nythe journal-register,,1246,1995,G,medina,nythe times herald-record,,1247,2004,D,middletown,nyjournal of commerce,,1251,1997,F,new york,nyniagara gazette,,1255,2007,F,niagra falls,nytonawanda news,,1256,1998,F,north tonawanda,nythe evening sun,,1257,1994,G,norwich,nythe rockland journal-news,,1258,1994,E,west nyack,nythe journal and courier-observer,,1259,2008,F,ogdensburg,nytimes-herald,,1261,2001,F,olean,nythe oneida daily dispatch,,1262,2006,G,oneida,nythe palladium times,,1264,2008,G,oswego,nypress-republican,,1266,1997,F,plattsburgh,nythe tri-state gazette,,1268,1994,G,port jervis,nypoughkeepsie journal,,1269,1998,E,poughkeepsie,nydaily sentinel,,1270,2012,F,rome,nysalamanca press,,1271,1998,H,salamanca,nyadirondack daily enterprise,,1272,1999,H,saranac lake,nythe saratogian,,1273,1994,F,saratoga springs,nystaten island advance,,1274,1997,D,staten island,nythe record,,1276,1996,E,troy,nywellsville daily reporter,,1277,2002,H,wellsville,nythe courier-tribune,,1280,1994,F,asheboro,ncindependent tribune,,1282,2011,F,kannapolis,ncthe daily record,,1284,1994,G,dunn,ncthe herald-sun,,1286,1997,D,durham,ncthe daily advance,,1287,1994,F,elizabeth city,ncthe gaston gazette,,1289,1998,E,gastonia,ncnews-argus,,1290,1999,F,goldsboro,nccooke communications/the daily reflector,,1291,2014,F,greenville,nchickory daily record,,1292,1999,F,hickory,ncthe daily news,,1293,2000,F,jacksonville,nckinston free press,,1295,1999,F,kinston,ncnews-topic,,1296,2000,F,lenoir,ncthe dispatch,,1297,1994,F,lexington,ncthe robesonian,,1298,1995,F,lumberton,ncthe enquirer-journal,,1299,1994,F,monroe,ncsun journal,,1300,1998,F,new bern,ncthe observer-news-enterprise,,1301,1998,H,newton,ncthe reidsville review/eden daily news,,1303,2004,G,reidsville,ncdaily herald,,1304,1997,F,roanoke rapids,ncrichmond county daily journal,,1305,1998,G,rockingham,ncrocky mount telegram,,1306,1998,F,rocky mount,ncthe salisbury post,,1307,1999,E,salisbury,ncthe sanford herald,,1308,1998,F,sanford,ncstatesville record & landmark,,1309,2000,F,statesville,ncthe daily southerner,,1311,1995,G,tarboro,ncthe tryon daily bulletin,,1313,2002,H,tryon,ncwinston-salem journal,,1315,1997,D,winston-salem,ncdevils lake daily journal,,1316,2009,H,devils lake,ndthe dickinson press,,1317,2003,G,dickinson,ndthe jamestown sun,,1318,1998,G,jamestown,ndminot daily news,,1319,1998,E,minot,ndvalley city times-record,,1320,1998,H,valley city,ndthe daily news,,1321,1994,H,wahpeton,ndwilliston daily herald,,1322,1998,G,williston,ndthe  review,,1323,2001,F,alliance,ohashland times-gazette,,1324,1998,F,ashland,ohstar beacon,,1325,2002,F,ashtabula,ohthe athens messenger,,1326,1998,F,athens,ohbellefontaine examiner,,1327,1998,G,bellefontaine,ohbellevue gazette,,1328,2008,H,bellevue,ohthe sentinel-tribune,,1329,1998,F,bowling green,ohthe bryan times,,1330,1998,F,bryan,ohtelegraph-forum,,1331,1998,G,bucyrus,ohthe daily jeffersonian,,1332,1996,F,cambridge,ohthe daily standard,,1333,1994,F,celina,ohchillicothe gazette,,1335,1998,F,chillicothe,ohherald,,1336,1998,G,circleville,ohcoshocton tribune,,1338,2000,G,coshocton,ohthe delaware gazette,,1340,2007,G,delaware,ohdelphos daily herald,,1341,2001,H,delphos,ohthe review,,1342,2000,F,east liverpool,ohthe courier,,1345,1994,E,findlay,ohreview times,,1346,2000,G,fostoria,oh"the news-messenger/the news herald, port clinton",,1347,2004,F,fremont,ohthe galion inquirer,,1348,1998,H,galion,ohgallipolis daily tribune,,1349,2004,H,gallipolis,ohtimes-gazette,,1351,2007,H,hillsboro,ohdaily advocate,,1352,2006,G,greenville,ohironton tribune,,1354,2001,G,ironton,ohkenton times,,1355,1998,G,kenton,ohlancaster eagle-gazette,,1356,2003,F,lancaster,ohthe lima news,,1357,1997,E,lima,ohmorning journal,,1358,1998,F,lisbon,ohlogan daily news,,1359,1998,H,logan,ohthe madison press,,1360,1994,G,london,ohnews journal/telegraph-forum,,1361,2009,E,mansfield,ohthe marietta times,,1362,1998,F,marietta,ohthe marion star,,1363,1999,F,marion,ohthe times-leader,,1364,1994,F,martins ferry,ohmarysville journal-tribune,,1365,1997,G,marysville,ohthe independent,,1366,2001,F,massillon,ohthe medina county gazette,,1367,1994,F,medina,ohthe middletown journal,,1368,2004,F,middletown,ohmount vernon news,,1369,2007,G,mount vernon,ohnorthwest signal,,1370,2009,G,napoleon,ohthe times reporter,,1373,2003,F,new philadelphia,ohpiqua daily call,,1374,1998,G,piqua,ohthe daily sentinel,,1375,1994,H,pomeroy,ohnews-herald,,1376,1999,G,port clinton,ohthe portsmouth daily times,,1377,2001,F,portsmouth,ohthe evening leader,,1378,1998,G,st. marys,ohsalem news,,1379,2008,G,salem,ohsandusky register,,1380,1998,F,sandusky,ohthe sidney daily news,,1382,1998,F,sidney,ohspringfield news-sun,,1383,1997,E,springfield,ohherald-star/weirton daily times,,1385,2008,F,steubenville,ohthe advertiser-tribune,,1386,1994,F,tiffin,ohthe daily chief-union,,1388,1994,H,upper sandusky,ohurbana daily citizen,,1389,1998,G,urbana,ohtimes bulletin,,1390,2009,G,van wert,ohwapakoneta daily news,,1391,1998,H,wapakoneta,ohtribune chronicle,,1392,1997,E,warren,ohrecord herald,,1393,1998,G,washington court house,ohthe news-herald,,1394,1994,D,willoughby,ohnews journal,,1395,2006,G,wilmington,ohgreene county dailies,,1396,2004,F,xenia,ohvindicator,,1397,2012,E,youngstown,ohtimes recorder/coshocton tribune,,1398,2007,F,zanesville,ohthe ada evening news,,1399,2000,G,ada,okthe altus times,,1400,1998,G,altus,okalva review-courier,,1401,1998,H,alva,okdaily news,,1402,1998,H,anadarko,okthe daily ardmoreite,,1403,1994,F,ardmore,okexaminer-enterprise,,1404,1999,F,bartlesville,okblackwell journal-tribune,,1405,1998,H,blackwell,okthe express-star,,1406,2005,G,chickasha,okthe claremore daily progress,,1407,2013,G,claremore,okthe clinton daily news,,1408,2013,H,clinton,okcushing daily citizen,,1409,1999,H,cushing,okdurant daily democrat,,1410,1998,G,durant,okthe edmond sun,,1411,2011,H,edmond,okelk city daily news,,1412,1999,H,elk city,okenid news & eagle,,1414,2000,F,enid,okthe daily leader,,1416,1996,H,frederick,okguthrie news leader,,1417,2001,H,guthrie,okguymon daily herald,,1418,1999,H,guymon,okhenryetta daily free-lance,,1419,1998,H,henryetta,okholdenville daily news,,1421,1998,H,holdenville,okhugo daily news,,1422,1998,H,hugo,okthe lawton constitution,,1424,1998,F,lawton,okmcalester news-capital & democrat,,1426,1998,F,mcalester,okmiami news-record,,1428,1999,G,miami,okmuskogee daily phoenix & times-democrat,,1429,1998,F,muskogee,okthe norman transcript,,1430,1997,F,norman,okthe oklahoman,,1433,2005,C,oklahoma city,okdaily times,,1434,2000,H,okmulgee,okthe daily democrat,,1435,1995,H,pauls valley,okthe perry daily journal,,1437,1998,H,perry,okthe ponca city news,,1438,2003,G,ponca city,okthe daily times,,1439,1995,G,pryor,oksapulpa daily herald,,1440,1998,G,sapulpa,okthe seminole producer,,1442,1998,G,seminole,oknewspress,,1443,1999,G,stillwater,okvinita daily journal,,1444,2006,H,vinita,okweatherford daily news,,1445,1998,G,weatherford,okthe daily times,,1446,1995,H,wewoka,okmail tribune  (medford) and ashland daily tidings,,1448,2010,G,ashland,orthe daily astorian,,1449,1997,G,astoria,orbaker city herald,,1450,1998,H,baker city,orthe world,,1451,1994,F,coos bay,orgrants pass daily courier,,1452,1998,F,grants pass,orherald and news,,1453,2006,F,klamath falls,orargus observer,,1454,1998,G,ontario,ordaily journal of commerce,,1456,2006,H,portland,orthe news-review,,1457,1994,F,roseburg,orthe dalles chronicle,,1458,1998,G,the dalles,oraltoona mirror,,1460,1998,E,altoona,pabeaver county times,,1462,1997,E,beaver,pabedford gazette,,1464,2002,F,bedford,papress enterprise,,1465,2006,F,bloomsburg,pathe bradford era,,1467,1999,F,bradford,pabutler eagle,,1469,1998,E,butler,pathe sentinel,,1471,1994,F,carlisle,papublic opinion,,1472,1994,E,chambersburg,pathe daily courier,,1475,2000,F,connellsville,pacorry evening journal,,1476,1998,H,corry,pathe danville news,,1477,2004,H,danville,pathe intelligencer,,1478,2000,E,doylestown,pathe courier-express/tri-county sunday,,1479,1997,F,dubois,paellwood city ledger,,1480,2005,G,ellwood city,pathe news-herald,,1481,1995,G,franklin,pagettysburg times,,1482,1998,G,gettysburg,pathe record-argus,,1484,1994,G,greenville,pathe evening sun,,1485,1994,F,hanover,pathe daily news,,1487,1996,F,huntingdon,pathe indiana gazette,,1488,1998,F,indiana,pathe kane republican,,1490,2000,H,kane,paleader times,,1492,1998,F,kittanning,pathe reporter,,1493,1994,F,lansdale,pathe latrobe bulletin,,1494,1998,G,latrobe,palebanon daily news,,1495,2003,F,lebanon,pathe times news,,1496,2007,F,lehighton,pathe sentinel,,1497,1994,F,lewistown,pathe express,,1498,1997,F,lock haven,pathe daily news,,1499,1998,F,mckeesport,pathe meadville tribune,,1500,1998,F,meadville,pathe standard journal,,1501,2010,H,milton,pathe valley independent,,1502,2012,F,monessen,panew castle news,,1504,1998,F,new castle,pathe times herald,,1505,1994,E,norristown,pathe phoenix,,1507,2012,H,pottsville,pathe mercury,,1508,1998,E,pottstown,parepublican & herald,,1509,2006,E,pottsville,pathe punxsutawney spirit,,1511,2003,G,punxsutawney,pathe ridgway record,,1513,2012,H,ridgway,pathe daily press,,1514,1994,G,st. marys,pathe morning times,,1515,2006,G,sayre,pathe news-item,,1517,1994,F,shamokin,padaily american,,1519,2005,F,somerset,papocono record,,1521,1998,F,stroudsburg,pathe titusville herald,,1522,2007,H,titusville,pathe daily review,,1523,2003,G,towanda,pathe daily herald,,1524,1998,H,tyrone,paherald-standard,,1525,1998,E,uniontown,pawarren times-observer,,1530,1998,F,warren,paobserver-reporter,,1531,1998,E,washington,pathe record herald,,1532,1994,F,waynesboro,padaily local news,,1534,1998,E,west chester,pathe york dispatch,,1535,1997,E,york,payork daily record,,1536,1997,E,york,pathe newport daily news,,1537,1997,F,newport,rithe times,,1538,1996,F,pawtucket,rithe westerly sun,,1539,1998,F,westerly,riaiken standard,,1540,1998,F,aiken,scthe beaufort gazette,,1542,1997,F,beaufort,scthe index-journal,,1543,1995,F,greenwood,scthe sun news,,1544,1994,E,myrtle beach,scthe times and democrat,,1545,1994,F,orangeburg,scherald-journal,,1547,2000,D,spartanburg,scthe union daily times,,1548,1998,G,union,scaberdeen american news,,1549,1998,F,aberdeen,sdbrookings daily register,,1551,1998,G,brookings,sdplainsman,,1552,2011,G,huron,sdblack hills pioneer,,1553,2003,H,spearfish,sdthe madison daily leader,,1555,1998,H,madison,sdthe daily republic,,1556,1996,F,mitchell,sdcapital journal,,1557,1999,H,pierre,sdwatertown public opinion,,1558,1998,F,watertown,sdyankton daily press & dakotan,,1559,1998,G,yankton,sdthe daily post-athenian,,1560,1995,F,athens,tnchattanooga times free press,,1561,2001,D,chattanooga,tncleveland daily banner,,1562,1998,F,cleveland,tnthe daily herald,,1564,1998,F,columbia,tnherald-citizen,,1565,2006,F,cookeville,tnthe state gazette,,1566,1999,G,dyersburg,tnthe star,,1567,2005,G,elizabethton,tnthe lebanon democrat,,1570,2006,G,lebanon,tnthe daily times,,1571,1994,F,maryville,tncitizen tribune,,1572,2004,F,morristown,tnthe daily news journal,,1573,1994,F,murfreesboro,tnthe paris post-intelligencer,,1574,1998,G,paris,tnshelbyville times-gazette,,1575,1998,G,shelbyville,tndaily messenger,,1576,2012,G,union city,tnathens daily review,,1579,2002,G,athens,txbay city daily tribune,,1580,1998,H,bay city,txthe baytown sun,,1581,2000,F,baytown,txbig spring herald,,1582,1998,G,big spring,txthe favorite,,1583,1995,H,bonham,txthe news-herald,,1584,1994,G,borger,txbrenham banner-press,,1585,2010,G,brenham,txthe brownsville herald,,1586,1998,F,brownsville,txbrownwood bulletin,,1587,1999,G,brownwood,txbryan-college station eagle,,1588,1998,F,bryan,txcleburne times-review,,1589,1998,G,cleburne,txthe brazosport facts,,1590,1994,F,clute,txconroe courier,,1591,1998,F,conroe,txcorsicana daily sun,,1592,1998,G,corsicana,txdalhart daily texan,,1593,2000,H,dalhart,txdel rio news-herald,,1594,2012,H,laredo,txthe herald,,1595,1994,F,denison,txdenton record-chronicle,,1596,1997,F,denton,txedinburg daily review,,1597,2006,H,edinburg,txennis daily news,,1598,2011,H,ennis,txgainesville daily register,,1599,2008,G,gainesville,txthe galveston county daily news,,1600,1999,E,galveston,txherald-banner,,1604,2004,G,greenville,txvalley morning star,,1605,1998,E,harlingen,txhenderson daily news,,1606,2008,G,henderson,txthe huntsville item,,1607,1999,G,huntsville,txjacksonville daily progress,,1610,2000,H,jacksonville,txkilgore news herald,,1611,2008,H,kilgore,txkilleen daily herald,,1612,2000,F,killeen,txlongview news--journal,,1617,2011,F,longview,txlufkin daily news,,1619,1999,F,lufkin,txnews messenger,,1621,1998,G,marshall,txthe monitor,,1622,1994,E,mcallen,txmckinney courier-gazette,,1623,2004,G,mckinney,txthe mexia news,,1625,2011,H,mexia,txmidland reporter-telegram,,1626,1998,F,midland,txmineral wells index,,1627,2001,H,mineral wells,txmount pleasant daily tribune,,1628,2007,H,mount pleasant,txthe daily sentinel,,1629,1994,G,nacogdoches,txodessa american,,1630,2001,E,odessa,txthe orange leader,,1631,1998,F,orange,txthe pampa news,,1632,2002,G,pampa,txthe paris news,,1633,1998,F,paris,txpasadena citizen,,1634,1998,G,pasadena,txpecos enterprise,,1635,1998,H,pecos,txplainview daily herald,,1636,1998,G,plainview,txplano star-courier,,1637,1998,F,plano,txport arthur news,,1638,1998,F,port arthur,txsan marcos daily record,,1643,2007,G,san marcos,txherald democrat,,1644,2000,E,sherman,txsnyder daily news,,1645,2004,H,snyder,txstephenville empire-tribune,,1646,1998,G,stephenville,txsulphur springs news-telegram,,1647,2002,G,sulphur springs,txsweetwater reporter,,1648,1998,H,sweetwater,txfort bend herald and texas coaster,,1649,2007,G,rosenberg,txthe terrell tribune,,1650,2007,H,terrell,txthe sun,,1651,1994,G,texas city,txtyler morning telegraph,,1652,2000,E,tyler,txthe vernon daily record,,1654,1998,H,vernon,txvictoria advocate,,1655,2006,E,victoria,txwaxahachie daily light,,1656,1998,H,waxahachie,txthe weatherford democrat,,1657,1998,G,weatherford,txthe herald journal,,1658,1994,F,logan,utstandard-examiner,,1659,1998,D,ogden,utdaily herald,,1660,2007,E,provo,utthe barre montpelier times argus,,1661,2010,G,barre,vtthe bennington banner,,1662,1999,G,bennington,vtthe brattleboro reformer,,1663,2008,G,brattleboro,vtthe newport daily express,,1664,2000,H,newport,vtrutland herald,,1665,1998,F,rutland,vtst. albans messenger,,1666,2001,H,st. albans,vtthe caledonian-record,,1667,1994,F,st. johnsbury,vtbristol herald-courier and virginia tennessean,,1668,1999,E,bristol,vathe daily progress,,1670,1994,E,charlottesville,vavirginian review,,1672,1998,G,covington,vaculpeper star-exponent,,1673,1999,G,culpeper,vadanville register & bee,,1675,1998,F,danville,vanews & messenger,,1676,2009,F,woodbridge,vanews,,1677,2000,G,hopewell,vathe news & advance,,1678,1998,E,lynchburg,vamanassas journal messenger,,1680,1998,G,manassas,vathe martinsville bulletin,,1681,1998,F,martinsville,vadaily press media group,,1682,2014,D2,newport news,vathe progress-index,,1683,1994,F,petersburg,vathe southwest times,,1684,1995,G,pulaski,vathe news leader,,1688,2002,F,staunton,vathe news virginian,,1689,2005,G,waynesboro,vathe winchester star,,1690,2009,F,winchester,vathe daily world,,1691,1994,F,aberdeen,waking county journal,,1692,2006,E,bellevue,wadaily record,,1693,1999,G,ellensburg,wacolumbia basin herald,,1694,1998,G,moses lake,waskagit valley herald,,1695,2001,F,mount vernon,wathe olympian,,1696,1995,E,olympia,wapeninsula daily news,,1697,2000,F,port angeles,wadaily journal of commerce,,1698,2004,G,seattle,wawalla walla union-bulletin,,1700,1997,F,walla walla,wathe register-herald,,1701,1998,E,beckley,wvbluefield daily telegraph,,1703,1998,F,bluefield,wvcharleston daily mail,,1705,1997,D,charleston,wvclarksburg exponent telegram,,1707,2010,F,clarksburg,wvthe inter-mountain,,1708,2002,F,elkins,wvtimes-west virginian,,1709,1998,F,fairmont,wvthe herald-dispatch,,1712,1996,E,huntington,wvmineral daily news tribune,,1714,2012,H,keyser,wvwest virginia daily news,,1715,2000,H,lewisburg,wvthe logan banner,,1716,2007,G,logan,wvthe journal,,1717,1999,F,martinsburg,wvthe dominion post,,1718,1994,F,morgantown,wvmoundsville daily echo,,1720,1998,H,moundsville,wvthe parkersburg news and the parkersburg sentinel,,1721,2014,H,parkersburg,wvthe parkersburg sentinel,,1722,1997,F,parkersburg,wvpoint pleasant register,,1723,1998,G,point pleasant,wvthe daily times,,1724,1994,G,weirton,wvthe welch daily news,,1725,2004,H,welch,wvwilliamson daily news,,1726,1998,F,williamson,wvantigo daily journal,,1727,2002,G,antigo,withe daily press,,1728,1994,G,ashland,winews-republic/south central wisconsin news,,1729,1998,G,baraboo,widaily citizen,,1730,1998,F,beaver dam,wibeloit daily news,,1731,1998,F,beloit,wileader-telegram,,1732,1997,E,eau claire,widaily jefferson county union,,1734,1998,G,fort atkinson,withe green bay news-chronicle,,1735,1998,G,green bay,withe janesville gazette,,1736,1998,F,janesville,wila crosse tribune,,1737,2003,E,la crosse,wiherald times reporter,,1738,2001,F,manitowoc,wimarshfield news-herald,,1740,1998,F,marshfield,wimonroe times,,1741,1999,G,monroe,withe oshkosh northwestern,,1742,1998,F,oshkosh,withe journal times,,1744,1994,E,racine,withe daily news,,1745,1994,G,rhinelander,wishawano leader,,1746,1998,G,shawano,wistevens point journal,,1747,1999,F,stevens point,withe daily telegram,,1748,1995,F,superior,wiwaukesha county freeman,,1750,2000,F,waukesha,wiwausau daily herald,,1751,1997,F,wausau,withe daily tribune,,1752,2001,F,wisconsin rapids,wicasper star-tribune,,1753,1998,E,casper,wywyoming tribune-eagle,,1755,2004,F,cheyenne,wythe news-record,,1756,1994,G,gillette,wyrawlins daily times,,1757,2005,H,rawlins,wyriverton ranger,,1758,1998,G,riverton,wydaily rocket-miner,,1759,1999,G,rock springs,wysheridan press,,1760,2002,G,sheridan,wynorthern wyoming daily news,,1761,2006,H,worland,wynorthern virginia daily,,1762,2004,F,strasburg,vasuffolk news-herald,,1763,2000,H,suffolk,vapensacola news journal,,1769,1997,D,pensacola,flthe morning call,,1771,1994,C,allentown,pathe alexander city outlook,,1777,1998,G,alexander city,aldaily news-sun,,1778,2000,F,sun city,azthe enterprise,,1781,1994,F,simi valley,camarion daily republican,,1785,2012,H,marion,ilmattoon journal-gazette/charleston times-courier,,1786,1998,F,mattoon,ilthe evening star,,1789,1995,G,auburn,incolby free press,,1790,2000,H,colby,kspicayune item,,1791,1998,G,picayune,msdeming headlight,,1792,2002,H,deming,nmbeavercreek news-current,,1795,1998,H,beavercreek,ohdaily news,,1800,1999,H,kingsport,tnthe andalusia star-news,,1801,1998,H,andalusia,alfort payne times-journal,,1802,1998,G,fort payne,althe chandler arizonan-tribune,,1804,1994,G,mesa,azbenton county daily record,,1805,1998,F,bentonville,arauburn journal,,1806,1998,F,auburn,cathe dispatch,,1808,1994,G,gilroy,camanteca bulletin,,1810,1998,G,manteca,capress journal,,1812,1998,E,vero beach,fltimes-georgian,,1813,1997,F,carrollton,gathe rockdale citizen,,1814,1996,F,conyers,gathe union-recorder,,1815,1994,G,milledgeville,gathe maui news,,1816,1994,F,wailuku,hithe daily southtown,,1819,1994,D,chicago,ilnorthwest herald,,1820,2008,E,crystal lake,ilthe daily clay county advocate-press,,1821,1996,H,flora,ilabbeville meridional,,1822,1998,G,abbeville,lacarroll county times,,1824,1997,F,westminster,mddaily times leader,,1825,2006,H,west point,msthe sampson independent,,1826,1998,G,clinton,ncthe daily news,,1827,1995,G,eden,ncthe daily courier,,1828,1995,F,forest city,ncthe mount airy news,,1829,1999,G,mount airy,nccrescent-news,,1830,1999,F,defiance,ohtahlequah daily press,,1832,1999,G,tahlequah,okdelaware county daily times,,1833,2000,D,primos,pathe herald,,1835,1994,E,rock hill,scthe times,,1837,1994,H,angleton,txhereford brand,,1838,1998,H,hereford,txlaredo morning news,,1839,2011,F,laredo,txherald-zeitung,,1840,1999,G,new braunfels,txthe spectrum,,1842,1997,F,st. george,utjournal newspapers,,1845,1999,C,alexandria,vathe seguin gazette-enterprise,,1849,1998,G,seguin,txmoscow-pullman daily news,,1850,1997,G,moscow,idthe intelligencer and wheeling news-register,,1852,2006,E,wheeling,wvthe reporter,,1853,1994,F,fond du lac,wiportage daily register,,1854,2014,H,portage,wipeninsula clarion,,1855,1998,G,kenai,akthe crowley post-signal,,1856,1998,G,crowley,lainside tuscon business,,1861,2014,H,tucson,azthe west county times,,1862,1994,E,pinole,cathe washington times,,1864,1997,C,washington,dcusa today,,1865,2002,A,mclean,vawest hawaii today,,1866,2010,F,kailua kona,hithe garden island,,1867,1995,G,lihue,hithe examiner,,1870,1995,G,blue springs,mothe daily news,,1874,1994,H,sunnyside,wathe reporter,,2002,1994,F,vacaville,cataylor daily press,,2007,1998,H,taylor,txthe valley daily news/horvitz newspapers,,2008,1996,E,kent,waleesville daily leader,,2009,2009,H,leesville,lalahontan valley news and fallon eagle standard,,2010,2000,G,fallon,nvwoodward news,,2012,1998,G,woodward,okbaxter bulletin,,2013,1998,F,mountain home,arthe mcdowell news,,2015,1994,G,marion,ncaspen daily news,,2016,2007,F,aspen,cotracy press,,2017,1998,G,tracy,cacitrus county chronicle,,2019,2000,F,crystal river,flsouthwest daily news,,2021,2005,H,sulphur,lalake sun leader,,2022,1994,H,camdenton,mothe citizen news-record,,2023,1995,H,aberdeen,ncthe daily journal,,2024,1995,H,lewisburg,pathe island packet,,2025,1994,F,hilton head island,scthe mountain press,,2026,1994,G,sevierville,tnlake county record-bee,,2027,1999,G,lakeport,caalice echo-news,,2028,1998,H,alice,txcharlotte sun,,2029,2012,E,charlotte harbor,flantelope valley press,,2030,1999,E,palmdale,cathe signal,,2031,1995,F,santa clarita,cabeauregard daily news,,2032,2004,G,deridder,ladaily sparks tribune,,2033,1998,G,sparks,nvthe wayne independent,,2034,2000,H,honesdale,pathe daily news,,2037,1994,F,west bend,wiobserver,,2038,1998,H,new smyrna beach,fldouglas county sentinel,,2039,2006,G,douglasville,gathe gilbert tribune,,2040,1994,H,mesa,azbenicia herald,,2041,2008,H,benicia,cathe californian,,2042,1994,F,temecula,camohave valley daily news,,2043,2006,G,bullhead city,azthe aspen times,,2044,1998,F,aspen,cosummit daily news,,2045,1998,G,frisco,costeamboat pilot & today,,2046,2009,G,steamboat,covail daily,,2047,1998,F,vail,cocecil whig,,2048,2000,F,elkton,mdthe telegraph,,2049,1994,H,sidney,nethe conway daily sun,,2050,2000,F,north conway,nhthe daily editor,,2052,1995,H,cobleskill,nydaily news & sun,,2054,2002,H,poteau,okthe north hills news record & valley news dispatch,,2055,1995,D,warrendale,pabranson tri-lakes new,,2056,2014,F,branson,mojacksonville patriot,,2057,1998,H,jacksonville,arthe daily triplicate,,2058,2004,H,crescent city,cakane county chronicle,,2059,2012,F,st. charles,ilderby reporter,,2060,2008,H,derby,kstoday's news-herald,,2061,1997,F,lake havasu city,azthe daily whale,,2062,1995,H,lewes,dethe daily okeechobee news,,2063,1998,H,okeechobee,flarlington morning news,,2065,1999,F,arlington,txdaily news group,,2066,2008,D,menlo park,catelluride daily planet,,2068,2000,H,telluride,cothe gwinnett daily post,,2069,1998,E,lawrenceville,gahernando today,,2070,1998,F,brooksville,flhighlands today,,2071,1999,F,sebring,flestherville daily news,,2072,2000,H,estherville,ianatchitoches times,,2074,1998,G,natchitoches,lathe humboldt sun,,2076,1998,H,winnemucca,nvthe berlin reporter,,2077,2002,H,berlin,nhthe laurinburg exchange,,2078,1998,G,laurinburg,ncgrove daily news,,2079,1999,H,grove,okpittsburgh tribune-review,,2080,1998,E,pittsburgh,pathe times-herald,,2081,1998,G,newnan,gapost falls press,,2082,1999,H,post falls,idthe villages daily sun,,2083,2014,E,the villages,flthe cherokee tribune,,2085,1999,G,canton,gathe clanton advertiser,,2086,2004,H,clanton,aldesoto times today,,2087,2001,G,hernando,mssidney sun-telegraph,,2089,2002,H,sidney,nenewport plain talk,,2090,2001,G,newport,tnthe grove sun daily,,2091,2008,G,grove,okthe daily journal/daily messenger,,2092,2001,H,seneca,scthe naperville sun,,2093,2011,F,aurora,ilherald-republican,,2095,2006,H,angola,inlivingston county daily press & argus,,2096,2006,F,howell,midaily news tribune,,2098,2011,G,needham,madaily news transcript,,2099,2008,H,norwood,manoblesville daily times,,2100,2005,G,noblesville,inthe daily journal,,2101,2009,F,san mateo,cacolorado daily,,2104,2013,F,boulder,coel nuevo herald,,2106,2006,D,miami,flthe newton citizen,,2107,2006,G,covington,gathe houston home journal,,2108,2009,F,perry,gagrand junction free press,,2110,2006,F,grand junction,cothe santa monica daily press,,2111,2009,F,santa monica,cathe berlin daily sun,,2112,2009,G,berlin,nhthe laconia daily sun,,2113,2009,F,laconia,nhthe dallas morning news/ al da,,2114,2013,E,dallas,txdiario la estrella,,2116,2006,E,fort worth,txhoy,,2117,2011,D,chicago,ilredeye,,2120,2006,D,chicago,ilbluffton today,,2121,2008,F,bluffton,scamnewyork,,2123,2008,B,new york,nystandard journal,,2124,2009,H,rexburg,idthe bossier press-tribune,,2125,2012,H,bossier city,lavoice of san diego,,2133,2010,O,san diego,cast. louis beacon,,2135,2010,O,st. louis,mowisconsin center for investigative journalism,,2138,2010,O,madison,wiinvestigatewest,,2139,2011,O,seattle,waminnpost.com,,2142,2011,O,minneapolis,mncenter for investigative reporting/california watc,,2145,2010,O,berkeley,cathe root,,2146,2010,O,washington,dcthe texas tribune,,2147,2010,O,austin,txcrosscut public media,,2154,2010,O,seattle,wamaine center for public interest reporting,,2155,2010,O,hallowell,methe new haven independent,,2156,2010,O,new haven,ctsf public press,,2159,2011,O,san francisco,catexas watchdog,,2161,2010,O,houston,txthe center for public integrity,,2166,2010,O,washington,dcthe b-town blog,,2168,2011,O,burien,wathe fayetteville flyer,,2169,2011,O,fayetteville,argotham gazette,,2170,2010,O,new york city,nymission local,,2171,2010,O,san francisco,caalaska dispatch,,2172,2011,O,anchorage,aknew west,,2179,2010,O,missoula,mtthe sacramento press,,2180,2010,O,sacramento,cawyofile,,2182,2011,O,lander,wygableshomepage,,2187,2010,O,coral gables,flglobalpost,,2190,2010,O,boston,manj spotlight,,2195,2010,O,montclair,njfactcheck.org/annenberg public policy center,,2197,2010,O,washington,dcthe bay citizen,,2198,2010,O,san francisco,capropublica,,2199,2010,O,new york,nythe news mexico independent,,2202,2010,O,albuquerque,nmthe colorado independent,,2203,2011,O,washington,dcthe washington independent,,2207,2010,O,,wathe florida independent,,2208,2011,O,washington,dcpatch.com,,2209,2011,O,new york city,nyoregonlive.com,,2227,2011,O,portland,ordundalk eagle,,2234,2014,F,dundalk,mdcapital gazette communications,,2239,2014,E,annapolis,mdvisalia times-delta,,2243,2014,F,visalia,casuburban journals of madison county,,2253,2014,F,collinsville,il100reporters,,2254,2016,O,washington,dcalaska dispatch news,,2255,2015,E,anchorage,akarizona center for investigative reporting,,2256,2016,O,phoenix,azaustin-american statesman,,2257,2012,D,austin,txbaltimore fishbowl,,2258,2016,O,,baraboo news republic,,2259,2016,H,baraboo,wibay area news group,,2260,2014,Groups,group1,"bay area news group (san jose mercury news, oakland tribune, and contra costa times)",,2261,2015,GROUPS,san jose,cabenitolink.com,,2262,2016,O,hollister,caberkeleyside,,2263,2016,O,,billy penn,,2264,2016,O,philadelphia,pablufftonicon,,2265,2016,O,,brentwood home page,,2266,2016,O,brentwood,tncalcoastnews.com,,2267,2016,O,atascadero,cacalifornia mcclatchy multiplatform desk,,2268,2015,Hubs,sacramento,cacambridge day,,2270,2016,O,,carlsbad current argus,,2271,2015,G,carlsbad,nmcarson now,,2272,2016,O,,catalyst chicago,,2273,2016,O,,center for investigative reporting/california watch,,2274,2016,O,berkeley,cacenter for public integrity,,2275,2016,O,washington,dccharlottesville tomorrow,,2276,2016,O,,cherokee chronicle times,,2277,2015,H,cherokee,iacity limits,,2278,2016,O,new york,nycoachella valley independent,,2279,2016,O,,columbus underground,,2280,2016,O,columbus,ohcommon language project,,2281,2016,O,seattle,wacorner news media,,2282,2016,O,brooklyn,nycox consolidated copy desk & page design hubs - dayton,,2283,2014,Hubs,hub14,cox consolidated copy desk & page design hubs - dayton,,2284,2015,Hubs,dayton,ohcox consolidated copy desk & page design hubs - palm beach,,2285,2014,Hubs,hub15,cox consolidated wire editing desk - atlanta,,2286,2014,Hubs,hub13,decaturish,,2287,2016,O,decatur,gadenison bulletin & review,,2288,2016,H,denison,iadetailed block,,2289,2016,O,,dfm - norcal design center,,2290,2015,Hubs,chico,cadowagiac daily news,,2292,2016,H,niles,miedhat,,2293,2016,O,,evansville+courier & press,,2294,2013,D2,evansville,infactcheck.org/annenberg public policy center,,2295,2016,O,philadelphia,pagannett design studio - asbury park,,2296,2015,Hubs,asbury park,njgannett design studio - des moines,,2297,2015,Hubs,des moines,iagannett design studio - des moines,,2298,2014,Hubs,hub8,gannett design studio - louisville,,2299,2014,Hubs,hub2,gannett design studio - nashville,,2300,2014,Hubs,hub7,gannett design studio - phoenix,,2301,2014,Hubs,hub16,gatehouse media - center for news and design,,2302,2015,Hubs,austin,txgeneva shore report,,2303,2016,O,lake geneva,wigreensboro news-record,,2304,2015,D,greensboro,nchigh country press,,2305,2016,F,boone,nchonolulu civil beat,,2306,2016,O,honolulu,hihttp://www.gloucestercitynews.net,,2307,2016,O,,njimediaethics.org,,2308,2016,O,new york,nyiowawatch.org,,2309,2016,O,iowa city,iajersey bites,,2310,2016,O,,journal gazette,,2311,2015,D2,fort wayne,inkyforward.com,,2312,2016,O,edgewood,kyla news group hub,,2313,2014,Hubs,hub4,lafayette journal & courier,,2314,2013,E,lafayette,inlas cruces sun-news,,2315,2015,E,las cruces sun-news,nmledger enquirer,,2316,2015,E,columbus,galee enterprises - lincoln hub,,2317,2015,Hubs,lincoln,nelee enterprises - madison hub,,2319,2015,Hubs,madison,wilee enterprises - munster hub,,2321,2015,Hubs,munster,inlexington minuteman,,2323,2015,H,lexington,malkldnow,,2324,2016,O,lakeland,flmagnoliareporter.com,,2325,2016,O,magnolia,azmanchesterinklink.com,,2326,2016,O,,mcclatchy newspapers - east hub,,2327,2015,Hubs,charlotte,scmedford daily mercury/malden evening news,,2329,2016,F,malden,mamic network inc.,,2330,2016,O,new york,new yorkmilford live,,2331,2016,O,,milwaukee nighborhood news service,,2332,2016,O,,minnpost,,2333,2016,O,minneapolis,mnmonroe local news,,2334,2016,O,monroe,gamy edmonds news,,2335,2016,O,,my everett news,,2336,2016,O,,myburbank,,2337,2016,O,,naija standard newspaper,,2338,2016,O,arlington,txnew haven register/torrington register citizen/middletown press,,2339,2015,D2,new haven,ctnew jersey arts news - www.njartsnews.org,,2340,2016,O,,north carolina health news,,2341,2016,O,,ogdensburg journal/advance news,,2342,2015,G,ogdenburg,nyorleans hub,,2343,2016,O,,philadelphia public school notebook,,2344,2016,O,philadelphia,paprogress illinois,,2345,2016,O,,quorom report,,2346,2016,O,austin,txracine county eye,,2347,2016,O,,register-guard,,2348,2015,D,eugene,orrichland source,,2349,2016,O,mansfield,ohsan angelo live,,2350,2016,O,,san angelo standard times,,2351,2015,F,san angelo,txsan antonio express news,,2352,2012,C,houston,txsangre de cristo chronicle,,2353,2016,O,red river,nmscripps - fl and sc,,2354,2014,Hubs,hub20,scripps consolidated desk - corpus christi,,2355,2014,Hubs,hub19,slate magazine,,2356,2016,O,brooklyn,nyst. cloud times/times media,,2357,2016,E,st. cloud,mnstar tribune media company,,2358,2015,A,minneapolis,mn"star tribune, minneapolis",,2359,2016,A,minneapolis,mnstatecollege.com,,2360,2016,O,state college,pastillwater current,,2361,2016,O,,street sense,,2362,2016,O,washington,dctechnically philly,,2363,2016,O,,the arizona republic/azcentral.com,,2364,2016,A,phoenix,azthe baltimore sun,,2365,2016,B,baltimore,mdthe batavian,,2366,2016,O,,the bemidji pioneer,,2367,2015,G,bemidji,mnthe berkshire edge,,2368,2016,O,great barrington,ma"the blade of toledo, ohio",,2369,2015,C,toledo,ohthe columbia heart beat,,2370,2016,O,,the dallas morning news,,2371,2016,E,dallas,txthe franklin reporter & advocate,,2373,2016,O,somerset,njthe groton line,,2374,2016,O,,the herald news,,2375,2016,E,west paterson,njthe leader & times,,2376,2016,H,liberal,ksthe lens,,2377,2016,O,new orleans,lathe locust fork news journal,,2378,2016,O,,the mcdonough county voice,,2379,2016,G,macomb,ilthe news dispatch,,2380,2012,G,michigan city,inthe notebook,,2381,2016,O,,the oregonian/oregonlive,,2382,2016,C,portland,oregonthe record/herald news,,2383,2015,C,woodland park,njthe san diego union tribune,,2384,2016,C,san diego,cathe sanatoga post,,2385,2016,O,sanatoga,pathe st. augustine record,,2386,2016,F,saint augustine,flthe times,,2387,2015,G,noblesville,inthe tri-city herald,,2388,2013,E,kennewick,wathe westerly sun,,2389,2016,G,pawcatuck,ctthe whittier daily news,,2390,2016,F,whittier,cathunderdome - digital first media,,2391,2014,Hubs,hub5,times daily,,2392,2013,E,florence,altimes herald record,,2393,2015,D,middletown,nytucsonsentinel.com,,2394,2016,O,tucson,aztwin cities daily planet,,2395,2016,O,minneapolis,mntxk today,,2396,2016,O,texarkana,txuptown messenger,,2397,2016,O,,vox.com,,2398,2016,O,washington,dcwatershed post,,2399,2016,O,delhi,nywe-ha.com,,2400,2016,O,west hartford,ctwest of the i,,2401,2016,O,,west philly local,,2402,2016,O,,westford template,,2403,2016,O,westford,mawisconsin rapids daily tribune,,2404,2016,G,wisconsin rapids,wiwww.delawarecurrents.org,,2405,2016,O,port jervis,nywww.westchesterhispano.net,,2406,2016,O,westchester county,nyyubanet,,2407,2016,O,,Arkansas Democrat-Gazette,,2408,n/a,n/a,little rock,ak